{"flutter":{"platforms":{"android":{"default":{"projectId":"f-r-i-d-a-y-vlelfh","appId":"1:551724754459:android:a7f23a888b63602d5d7abe","fileOutput":"android/app/google-services.json"}},"dart":{"lib/firebase_options.dart":{"projectId":"f-r-i-d-a-y-vlelfh","configurations":{"android":"1:551724754459:android:a7f23a888b63602d5d7abe","ios":"1:551724754459:ios:657cae5cb7827d655d7abe","macos":"1:551724754459:ios:657cae5cb7827d655d7abe","web":"1:551724754459:web:8428dc061b36e0375d7abe","windows":"1:551724754459:web:d229b641908c222b5d7abe"}}}}}}